{"stat.useItem.minecraft.bow":645,"stat.useItem.minecraft.sticky_piston":37,"stat.horseOneCm":462458,"stat.useItem.minecraft.stone":137,"stat.useItem.minecraft.repeater":28,"stat.leaveGame":12,"stat.useItem.minecraft.beacon":1,"stat.killEntity.Ghast":2,"stat.useItem.minecraft.soul_sand":4,"stat.breakItem.minecraft.diamond_leggings":1,"stat.useItem.minecraft.skull":40,"stat.useItem.minecraft.heavy_weighted_pressure_plate":13,"stat.useItem.minecraft.diamond_sword":36,"stat.useItem.minecraft.potion":5,"stat.useItem.minecraft.bedrock":5757,"stat.jump":1134,"stat.swimOneCm":11813,"stat.useItem.minecraft.sand":8,"stat.useItem.minecraft.iron_trapdoor":3,"stat.fallOneCm":15166,"stat.climbOneCm":17679,"stat.useItem.minecraft.trapped_chest":14,"stat.crouchOneCm":12576,"stat.useItem.minecraft.coal_block":3,"stat.useItem.minecraft.redstone_torch":17,"stat.useItem.minecraft.dirt":1,"stat.useItem.minecraft.stone_button":8,"achievement.exploreAllBiomes":{"value":0,"progress":["Savanna Plateau","ForestHills","Roofed Forest","Birch Forest","Plains","DesertHills","Extreme Hills+","River","Forest","Desert","Extreme Hills","Swampland","Savanna"]},"stat.useItem.minecraft.glass":29,"stat.useItem.minecraft.vine":8,"stat.damageTaken":458365,"stat.useItem.minecraft.dark_oak_fence":36,"stat.useItem.minecraft.stone_brick_stairs":35,"stat.mineBlock.minecraft.red_flower":1,"stat.useItem.minecraft.gold_block":44,"stat.flyOneCm":2775191,"stat.useItem.minecraft.birch_fence":9,"stat.damageDealt":4360,"stat.useItem.minecraft.wool":1,"stat.timeSinceDeath":124068,"stat.entityKilledBy.Ghast":1,"stat.useItem.minecraft.sign":12,"stat.useItem.minecraft.spawn_egg":17,"stat.useItem.minecraft.iron_door":11,"stat.walkOneCm":2243357,"stat.useItem.minecraft.torch":185,"stat.playerKills":22,"stat.useItem.minecraft.chest":5,"stat.useItem.minecraft.lever":6,"stat.useItem.minecraft.pumpkin":91,"stat.useItem.minecraft.tnt":43,"stat.useItem.minecraft.emerald_block":6,"stat.useItem.minecraft.redstone":65,"stat.useItem.minecraft.milk_bucket":1,"stat.useItem.minecraft.sea_lantern":10,"stat.useItem.minecraft.trapdoor":1,"stat.sprintOneCm":663286,"stat.useItem.minecraft.diamond_block":51,"stat.useItem.minecraft.cactus":27,"stat.useItem.minecraft.stone_stairs":51,"stat.useItem.minecraft.stone_slab":7,"stat.useItem.minecraft.bed":1,"achievement.openInventory":391,"stat.useItem.minecraft.flint_and_steel":80,"stat.useItem.minecraft.iron_block":4,"stat.useItem.minecraft.wooden_button":6,"stat.mobKills":9,"stat.breakItem.minecraft.diamond_boots":1,"stat.deaths":53,"stat.useItem.minecraft.monster_egg":129,"stat.useItem.minecraft.cobblestone_wall":279,"stat.drop":54,"stat.playOneMinute":1039608,"stat.useItem.minecraft.banner":81,"stat.killEntity.Sheep":1,"stat.useItem.minecraft.ladder":23,"stat.diveOneCm":11351,"stat.useItem.minecraft.fishing_rod":10,"stat.useItem.minecraft.web":23}