{"stat.useItem.minecraft.bow":968,"stat.walkOneCm":544489,"stat.playerKills":21,"stat.leaveGame":4,"stat.useItem.minecraft.potion":1,"stat.useItem.minecraft.packed_ice":5,"stat.useItem.minecraft.bedrock":36,"stat.jump":785,"stat.swimOneCm":5766,"stat.fallOneCm":11689,"stat.useItem.minecraft.cooked_mutton":2,"stat.crouchOneCm":1845,"stat.sprintOneCm":57122,"achievement.exploreAllBiomes":{"value":0,"progress":["Savanna"]},"stat.useItem.minecraft.stone_slab":25,"achievement.openInventory":83,"stat.damageTaken":381987,"stat.useItem.minecraft.stone_brick_stairs":17,"stat.useItem.minecraft.carrot_on_a_stick":9,"stat.mobKills":1,"stat.useItem.minecraft.anvil":1,"stat.flyOneCm":76556,"stat.deaths":42,"stat.playOneMinute":108367,"stat.useItem.minecraft.banner":18,"stat.killEntity.Sheep":1,"stat.damageDealt":130,"stat.timeSinceDeath":113,"stat.diveOneCm":627,"stat.useItem.minecraft.fishing_rod":114}