{"stat.useItem.minecraft.bow":1727,"stat.horseOneCm":462458,"stat.useItem.minecraft.repeater":28,"stat.leaveGame":45,"stat.mineBlock.minecraft.pumpkin":1,"stat.useItem.minecraft.beacon":1,"stat.useItem.minecraft.soul_sand":4,"stat.breakItem.minecraft.diamond_leggings":1,"stat.useItem.minecraft.skull":41,"stat.useItem.minecraft.diamond_sword":36,"stat.swimOneCm":21676,"stat.climbOneCm":25842,"stat.useItem.minecraft.coal_block":3,"stat.useItem.minecraft.redstone_torch":17,"stat.useItem.minecraft.dirt":1,"achievement.exploreAllBiomes":{"value":0,"progress":["Savanna Plateau","ForestHills","Roofed Forest","Birch Forest","Plains","DesertHills","Extreme Hills+","River","Forest","Desert","Extreme Hills","Swampland","Savanna"]},"stat.useItem.minecraft.vine":8,"stat.useItem.minecraft.anvil":2,"stat.flyOneCm":3712918,"stat.timeSinceDeath":7785,"stat.useItem.minecraft.sign":15,"stat.useItem.minecraft.spawn_egg":25,"stat.useItem.minecraft.iron_door":15,"stat.useItem.minecraft.lever":8,"stat.killEntity.Creeper":2,"stat.useItem.minecraft.redstone":65,"stat.useItem.minecraft.milk_bucket":1,"stat.useItem.minecraft.sea_lantern":10,"stat.entityKilledBy.Skeleton":1,"stat.useItem.minecraft.red_sandstone":1,"stat.useItem.minecraft.trapdoor":1,"stat.sprintOneCm":1725149,"stat.useItem.minecraft.diamond_block":52,"stat.useItem.minecraft.stone_stairs":51,"stat.useItem.minecraft.stone_slab":75,"stat.useItem.minecraft.bed":1,"achievement.openInventory":535,"stat.useItem.minecraft.snowball":64,"stat.useItem.minecraft.flint_and_steel":80,"stat.mineBlock.minecraft.sea_lantern":1,"stat.useItem.minecraft.wooden_button":9,"stat.breakItem.minecraft.diamond_boots":1,"stat.deaths":242,"stat.drop":54,"stat.playOneMinute":2336965,"stat.useItem.minecraft.wooden_sword":27,"stat.useItem.minecraft.banner":88,"stat.killEntity.Sheep":1,"stat.useItem.minecraft.ladder":23,"stat.diveOneCm":12667,"stat.useItem.minecraft.sticky_piston":37,"stat.useItem.minecraft.stone":143,"stat.killEntity.Ghast":2,"stat.useItem.minecraft.heavy_weighted_pressure_plate":17,"stat.useItem.minecraft.potion":5,"stat.useItem.minecraft.flower_pot":2,"stat.useItem.minecraft.bedrock":5917,"stat.jump":2049,"stat.useItem.minecraft.sand":8,"stat.useItem.minecraft.iron_trapdoor":3,"stat.fallOneCm":23112,"stat.useItem.minecraft.trapped_chest":14,"stat.crouchOneCm":31063,"stat.useItem.minecraft.stone_button":10,"stat.useItem.minecraft.glass":29,"stat.damageTaken":3606506,"stat.useItem.minecraft.dark_oak_fence":49,"stat.useItem.minecraft.stone_brick_stairs":91,"stat.mineBlock.minecraft.red_flower":1,"stat.mineBlock.minecraft.torch":11,"stat.useItem.minecraft.gold_block":46,"stat.useItem.minecraft.birch_fence":9,"stat.damageDealt":5890,"stat.useItem.minecraft.wool":34,"stat.entityKilledBy.Ghast":1,"stat.killEntity.Cow":1,"stat.walkOneCm":4510928,"stat.useItem.minecraft.torch":218,"stat.playerKills":133,"stat.useItem.minecraft.chest":5,"stat.useItem.minecraft.pumpkin":123,"stat.useItem.minecraft.tnt":43,"stat.useItem.minecraft.emerald_block":6,"stat.useItem.minecraft.cactus":27,"stat.useItem.minecraft.prismarine":1,"stat.killEntity.Skeleton":3,"stat.useItem.minecraft.iron_block":4,"stat.killEntity.Spider":2,"stat.mobKills":18,"stat.useItem.minecraft.monster_egg":129,"stat.useItem.minecraft.cobblestone_wall":318,"stat.useItem.minecraft.fishing_rod":10,"stat.useItem.minecraft.web":60}