{"stat.useItem.minecraft.bow":238,"stat.walkOneCm":268540,"stat.playerKills":25,"achievement.openInventory":3,"stat.leaveGame":3,"stat.damageTaken":750021,"stat.flyOneCm":9699,"stat.deaths":32,"stat.drop":2,"stat.jump":128,"stat.swimOneCm":641,"stat.playOneMinute":31800,"stat.climbOneCm":775,"stat.fallOneCm":269,"stat.useItem.minecraft.wooden_sword":3,"stat.damageDealt":385,"stat.crouchOneCm":183,"stat.timeSinceDeath":555,"stat.sprintOneCm":603,"achievement.exploreAllBiomes":{"value":0,"progress":["Savanna"]}}