{"stat.useItem.minecraft.bow":2139,"stat.walkOneCm":1156693,"stat.playerKills":103,"stat.leaveGame":12,"stat.useItem.minecraft.potion":1,"stat.useItem.minecraft.packed_ice":5,"stat.useItem.minecraft.bedrock":36,"stat.jump":1658,"stat.swimOneCm":5766,"stat.fallOneCm":17923,"stat.climbOneCm":206,"stat.useItem.minecraft.cooked_mutton":2,"stat.crouchOneCm":11667,"stat.useItem.minecraft.nether_brick_fence":3,"stat.sprintOneCm":173310,"achievement.exploreAllBiomes":{"value":0,"progress":["Extreme Hills","Swampland","Savanna"]},"stat.killEntity.Skeleton":1,"stat.useItem.minecraft.stone_slab":25,"achievement.openInventory":99,"stat.damageTaken":2766502,"stat.useItem.minecraft.stone_brick_stairs":17,"stat.useItem.minecraft.carrot_on_a_stick":9,"stat.mobKills":2,"stat.useItem.minecraft.anvil":2,"stat.flyOneCm":160706,"stat.deaths":127,"stat.useItem.minecraft.monster_egg":8,"stat.drop":3,"stat.playOneMinute":213576,"stat.useItem.minecraft.wooden_sword":6,"stat.useItem.minecraft.banner":18,"stat.killEntity.Sheep":1,"stat.damageDealt":480,"stat.timeSinceDeath":1986,"stat.diveOneCm":627,"stat.useItem.minecraft.fishing_rod":114}